1,-0.000110675,5.50625e-007
2,0.0729267,0.000363397
3,-0.024964,0.000485789
4,0.00236085,0.000495118
5,-0.0333469,0.000658561
6,-0.0406763,0.00085766
7,0.0557108,0.00113057
8,-0.025321,0.00125092
9,0.0196561,0.00134249
10,0.0456205,0.00156279
11,-0.0401149,0.00175459
12,-0.0237055,0.0018638
13,0.0223804,0.00196588
14,0.0259996,0.00208545
15,-0.020052,0.00217484
16,0.0469854,0.00239778
17,-0.0274752,0.00252254
18,-0.00211846,0.00252053
19,-0.0176805,0.00259596
20,-0.0740815,0.00295164
21,0.0211601,0.00304223
22,-0.0208239,0.0031307
23,-0.00447405,0.00313739
24,0.019943,0.003221
25,-0.0720756,0.00356359
26,0.020948,0.00365008
27,-0.00884722,0.00367594
28,-0.0239136,0.00377663
29,-0.0126124,0.00382059
30,0.0491139,0.00404594
31,-0.0646275,0.00434737
32,0.0374467,0.00451205
33,-0.0355127,0.00466629
34,-0.0460339,0.00487211
35,0.0343442,0.00501874
36,0.00920141,0.00503955
37,0.0109141,0.00506877
38,0.00404521,0.00506368
39,0.0109898,0.00509317
40,-0.0580329,0.00535656
41,0.0463269,0.00556041
42,-0.0295843,0.00567993
43,0.000864538,0.00565598
44,0.010907,0.0056821
45,-0.0419556,0.00586258
46,0.00485998,0.00585759
47,0.00101517,0.0058335
48,0.013136,0.00586983
49,-0.0342381,0.00601097
50,0.0472085,0.00621595
51,-0.00594943,0.00621462
52,0.0172571,0.00626956
53,0.0133577,0.00630482
54,-0.00811253,0.00631382
55,0.0644048,0.00660286
56,0.0196275,0.00666766
57,0.00855933,0.00667707
58,0.0194813,0.00674078
59,0.0252992,0.00683311
60,0.05937,0.00709452
61,-0.000656323,0.00706249
62,0.0504898,0.00727857
63,-0.042152,0.00745208
64,-0.0647267,0.00773707
65,-0.0110644,0.00775362
66,-0.0151223,0.00779029
67,-0.00408085,0.00777183
68,0.00685156,0.00776725
69,0.00659317,0.00776141
70,-0.0468621,0.00795595
71,-0.00873536,0.00795983
72,0.0177134,0.00800836
73,0.0703464,0.00831855
74,0.0439747,0.00849595
75,0.037236,0.00863895
76,0.0147868,0.00866953
77,0.00758603,0.00866414
78,-0.0131627,0.00868653
79,-0.0143867,0.00871489
80,-0.0140551,0.00874145
81,-0.0700262,0.0090464
82,0.0171723,0.00908683
83,0.0179947,0.00913115
84,-0.0190314,0.00918041
85,0.00342879,0.0091518
86,-0.0707859,0.00945849
87,-0.011207,0.00946719
88,-0.00392034,0.0094396
89,-0.0194656,0.00948948
90,-0.000821482,0.00944635
91,-0.00743386,0.00943634
92,-0.00609072,0.0094197
93,0.030958,0.00952686
94,0.0421612,0.00968923
95,-0.048354,0.00988161
96,0.0526364,0.0100943
97,0.0458211,0.0102721
98,-0.012575,0.0102836
99,-0.0573286,0.0105177
100,-0.0428533,0.0106786
101,-0.0141911,0.010696
102,0.0125104,0.0107051
103,0.00572421,0.0106803
104,0.00823095,0.0106681
105,0.0499901,0.0108637
106,-0.0558947,0.0110878
107,-0.00179981,0.0110416
108,0.0226564,0.0110994
109,0.0383607,0.011235
110,0.0133313,0.0112455
111,0.042973,0.0114033
112,-0.00525872,0.0113727
113,0.00553545,0.0113437
114,-0.04333,0.0115029
115,-0.0478141,0.0116835
116,-0.0204106,0.0117269
117,0.00998638,0.0117183
118,-0.0244411,0.0117816
119,0.0122843,0.0117841
120,0.0228456,0.0118391
121,0.0142896,0.0118513
122,-0.0557742,0.0120699
123,0.0178752,0.0120988
124,-0.0179111,0.0121277
125,0.0348717,0.0122408
126,-0.0173854,0.0122664
127,0.00890507,0.0122497
128,0.010826,0.0122426
129,0.0810588,0.0125851
130,-0.0290067,0.0126668
131,0.0093832,0.0126505
132,-0.0376523,0.0127749
133,-0.0269223,0.0128453
134,-0.0342804,0.0129519
135,0.040987,0.0130914
136,-0.00895335,0.0130708
137,-0.0532575,0.0132708
138,-0.0198608,0.0133036
139,-0.0207905,0.0133409
140,-0.017643,0.0133623
141,0.0510532,0.0135498
142,-0.0120105,0.0135422
143,-0.0427183,0.0136873
144,0.00669988,0.0136526
145,0.0241654,0.0137049
146,-0.00681554,0.0136706
147,-0.0367339,0.0137853
148,0.0390175,0.0139109
149,-0.0174586,0.0139286
150,-0.011815,0.013918
151,-0.0113,0.013905
152,0.0241341,0.0139559
153,-0.00500766,0.0139114
154,-0.0713931,0.0141975
155,-0.0107845,0.0141805
156,0.00879418,0.0141537
157,-0.0579227,0.0143715
158,0.0760504,0.0146785
159,-0.068025,0.014944
160,-0.0173597,0.014956
161,0.00909901,0.0149268
162,0.0592029,0.0151472
163,0.00453212,0.0150944
164,-0.0118376,0.0150782
165,0.0326414,0.0151656
166,-0.029736,0.0152381
167,0.0547109,0.0154345
168,0.0284941,0.0154995
169,-0.0705971,0.0157737
170,0.000277245,0.0156966
171,0.0390245,0.0158127
172,-0.0311394,0.0158889
173,0.0237974,0.0159283
174,-0.0388196,0.0160422
175,0.0499923,0.0162112
176,-0.0548494,0.0164034
177,0.00635178,0.0163534
178,-0.0203167,0.0163732
179,-0.0162835,0.0163727
180,-0.0102694,0.0163423
181,-0.0122912,0.0163222
182,0.00100345,0.016246
183,0.0255766,0.0162924
184,0.0127535,0.0162748
185,0.0010045,0.0161988
186,-0.0374421,0.0163045
187,-0.0216248,0.016331
188,-0.00404518,0.0162699
189,0.0471489,0.0164235
190,0.0221181,0.0164519
191,0.00769769,0.0164083
192,-0.00878199,0.0163704
193,-0.0318855,0.0164476
194,0.00499138,0.0163906
195,-0.0168151,0.0163927
196,-0.031022,0.0164655
197,-0.0543873,0.0166542
198,-0.0400991,0.0167709
199,-0.0063085,0.0167189
200,0.0613885,0.0169412
201,0.0646034,0.0171784
202,-0.0103063,0.0171442
203,-0.0385285,0.0172506
204,0.0509404,0.0174183
205,-0.00677991,0.0173653
206,0.0265386,0.017411
207,0.0141491,0.0173948
208,-0.00868876,0.0173514
209,0.00362173,0.0172831
210,-0.0243962,0.0173185
211,-0.0304422,0.0173838
212,-0.0208507,0.0174011
213,0.00479213,0.0173384
214,0.0625,0.0175631
215,0.0202661,0.0175766
216,-0.0467181,0.0177216
217,0.0303564,0.0177845
218,-0.0447816,0.0179188
219,0.0408679,0.018033
220,0.0478399,0.0181814
221,-0.0121701,0.0181515
222,-0.0077947,0.0181
223,-0.0534423,0.0182758
224,-0.0311335,0.0183398
225,0.020092,0.0183486
226,-0.0526903,0.0185195
227,0.016176,0.0185078
228,0.017047,0.0185006
229,0.0170007,0.0184931
230,0.00605149,0.0184312
231,0.0159375,0.0184188
232,0.0158278,0.0184059
233,0.0146019,0.018387
234,-0.00968338,0.0183437
235,0.013913,0.0183216
236,0.00320684,0.0182464
237,-0.00990778,0.018205
238,-0.016181,0.0181949
239,0.0396535,0.0183017
240,0.0507841,0.0184633
241,0.00119277,0.0183774
242,0.0214311,0.0183926
243,0.00398731,0.0183209
244,0.00630546,0.0182612
245,0.0476172,0.0184073
246,-0.0255936,0.018443
247,0.0541603,0.0186208
248,0.0649247,0.0188513
249,0.0475079,0.018994
250,0.0212431,0.0190052
251,-0.0144732,0.0189826
252,0.0279066,0.019027
253,-0.0533852,0.0191981
254,0.0385793,0.0192945
255,-0.0393514,0.0193943
256,0.00357489,0.0193156
257,0.0511421,0.019474
258,-0.0493751,0.0196229
259,0.0365902,0.0197073
260,-0.0154763,0.0196863
261,0.0308056,0.0197416
262,0.0147443,0.0197168
263,-0.0332097,0.0197839
264,-0.0343149,0.0198563
265,-0.0396433,0.0199548
266,0.0219089,0.0199645
267,0.021185,0.0199706
268,-0.0275432,0.0200083
269,0.0128734,0.0199728
270,-0.0359636,0.0200523
271,-0.0236532,0.0200703
272,-0.0168768,0.0200544
273,0.0321053,0.0201144
274,-0.0109874,0.020069
275,0.031167,0.0201242
276,0.0154565,0.020101
277,0.0167971,0.0200845
278,-0.0038023,0.0200035
279,-0.00358378,0.0199218
280,0.029312,0.0199686
281,0.0395846,0.0200662
282,-0.030161,0.0201165
283,-0.0207488,0.0201196
284,0.0604296,0.0203203
285,0.00150095,0.0202267
286,0.0359979,0.0203052
287,0.00947301,0.0202513
288,0.040127,0.0203502
289,-0.0255578,0.0203762
290,-0.00788331,0.020314
291,0.012244,0.0202739
292,-0.00245855,0.0201852
293,0.0254504,0.0202114
294,0.00732665,0.0201473
295,-0.00541347,0.020074
296,0.0135588,0.0200416
297,-0.0192501,0.0200377
298,0.0554073,0.0202138
299,-0.0135445,0.0201806
300,0.00372625,0.0200987
301,-0.0492056,0.0202437
302,0.00697144,0.0201776
303,0.00753943,0.0201147
304,-0.0119327,0.020074
305,0.00472436,0.0199977
306,-0.0441276,0.0201178
307,0.00934158,0.0200642
308,0.00846024,0.0200064
309,0.0458178,0.0201349
310,0.00377934,0.0200535
311,-0.0176037,0.0200414
312,0.0287171,0.0200845
313,0.0025834,0.0199975
314,-0.00353573,0.0199156
315,-0.0254814,0.0199433
316,0.00731344,0.0198804
317,-0.00919629,0.0198273
318,0.006601,0.0197615
319,0.0642354,0.019983
320,0.0231822,0.0199989
321,0.0182284,0.0199901
322,0.0536366,0.0201576
323,0.0219514,0.0201665
324,-0.014317,0.0201374
325,0.00133686,0.0200439
326,0.00256614,0.0199569
327,-0.0357674,0.0200356
328,0.0511215,0.0201904
329,-0.0437812,0.0203078
330,-0.00765292,0.0202449
331,-0.0339884,0.0203133
332,-0.00202258,0.0202223
333,-0.00339294,0.0201386
334,0.0150956,0.0201135
335,-0.0124309,0.0200752
336,0.0110972,0.0200306
337,0.0309054,0.0200847
338,-0.0364819,0.0201663
339,0.00278204,0.0200799
340,0.0245554,0.0201021
341,0.00742008,0.0200391
342,-0.048572,0.0201811
343,-0.0143337,0.0201521
344,-0.0076134,0.0200897
345,0.0455581,0.0202165
346,-0.0107872,0.0201695
347,0.0629741,0.0203828
348,-0.0481001,0.0205208
349,0.0352718,0.0205942
350,-0.0349393,0.0206656
351,-0.0361009,0.0207425
352,-0.0564786,0.0209205
353,0.0467401,0.021049
354,0.0283838,0.0210856
355,0.0257409,0.0211087
356,-0.00599876,0.0210336
357,0.0473083,0.0211644
358,0.0344467,0.0212306
359,0.0204307,0.0212266
360,-0.00656291,0.0211536
361,-0.0463315,0.021279
362,0.00588588,0.0212024
363,0.03032,0.0212478
364,0.00609004,0.0211724
365,0.0269977,0.0212014
366,-0.0316396,0.0212534
367,-0.0468468,0.0213808
368,0.0211402,0.0213797
369,0.0260938,0.0214031
370,0.0137041,0.0213648
371,-0.030778,0.0214117
372,-0.017073,0.0213901
373,0.0160311,0.0213635
374,-0.0177134,0.0213453
375,-0.0183378,0.0213304
376,0.00959217,0.021272
377,0.00456457,0.0211888
378,0.0065882,0.0211162
379,-0.0221502,0.0211213
380,0.0103509,0.0210678
381,-0.0447485,0.0211857
382,-0.0243093,0.0212013
383,0.000906939,0.0211003
384,0.00304642,0.0210105
385,0.000954669,0.0209107
386,-0.00201884,0.0208167
387,0.0388079,0.0209063
388,0.00901624,0.0208471
389,-0.0154686,0.0208204
390,0.0444368,0.020938
391,-0.0174347,0.0209206
392,0.0229665,0.0209308
393,0.0299002,0.0209754
394,0.0255924,0.0209984
395,0.00311847,0.0209095
396,0.0103936,0.0208571
397,0.00878996,0.0207971
398,0.0198454,0.0207924
399,0.013073,0.020754
400,0.0239893,0.0207701
401,-0.0418905,0.0208753
402,-0.0089319,0.0208159
403,0.00202589,0.0207224
404,-0.0139,0.0206885
405,-0.0305526,0.0207376
406,0.034314,0.0208052
407,-0.0339471,0.0208706
408,-0.0202227,0.0208674
409,0.00720567,0.0207994
410,0.0100196,0.0207458
411,-0.00813736,0.0206831
412,0.00804094,0.0206202
413,0.0258552,0.0206462
414,0.0212189,0.0206491
415,0.00508544,0.0205717
416,-0.0441249,0.020689
417,-0.0167347,0.0206693
418,-0.00803171,0.0206065
419,0.0063089,0.0205353
420,0.0478156,0.0206713
421,0.0454602,0.0207947
422,0.00732174,0.0207277
423,-0.034638,0.020797
424,-0.0496007,0.0209405
425,0.00667557,0.0208695
426,-0.0072142,0.0208016
427,0.00134705,0.0207048
428,-0.00721633,0.0206377
429,-0.0249071,0.020659
430,0.01494,0.0206305
431,0.0256864,0.0206557
432,0.0209409,0.0206571
433,0.025395,0.0206807
434,0.00105004,0.0205831
435,0.0365943,0.0206628
436,0.00394469,0.0205797
437,-0.0103018,0.0205285
438,0.0129459,0.0204908
439,-0.0477449,0.0206266
440,-0.0459916,0.020753
441,0.0119467,0.0207091
442,0.0182897,0.0206971
443,-0.0300444,0.0207437
444,-0.0331257,0.0208053
445,-0.0245121,0.0208238
446,-0.0102439,0.0207711
447,-0.0168761,0.0207518
448,0.00794185,0.020688
449,-0.0330834,0.0207498
450,-0.000587704,0.0206495
451,-0.0105256,0.0205992
452,-0.0502763,0.0207471
453,-0.00637674,0.0206756
454,0.00858548,0.0206154
455,-0.0417969,0.020721
456,0.0165545,0.0207002
457,-0.0134847,0.0206644
458,0.0156718,0.0206395
459,0.0574401,0.0208231
460,0.0320368,0.0208789
461,0.0285115,0.0209169
462,0.0382102,0.0210031
463,-0.00779596,0.0209374
464,0.00946127,0.0208804
465,-0.0261426,0.0209066
466,0.0331904,0.0209678
467,0.0119558,0.020923
468,-0.0329608,0.0209829
469,0.0163543,0.0209599
470,-0.00184281,0.0208648
471,0.0173261,0.0208472
472,0.00546896,0.0207707
473,0.0265239,0.0207994
474,-0.00304494,0.0207111
475,-0.00544658,0.0206351
476,0.000373715,0.0205343
477,-0.0399881,0.0206312
478,0.0356835,0.0207062
479,0.000918706,0.0206078
480,-0.0101358,0.0205557
481,0.00602259,0.0204834
482,-0.00701288,0.0204164
483,0.0269618,0.020449
484,-0.0243243,0.0204683
485,0.0298872,0.0205152
486,0.0100744,0.0204633
487,-0.00250884,0.020374
488,-0.013043,0.0203375
489,-0.0241027,0.0203563
490,-0.00514268,0.0202806
491,0.019648,0.0202775
492,0.00883034,0.0202205
493,0.0444494,0.0203413
494,0.00291777,0.0202547
495,-0.019689,0.0202519
496,0.0154893,0.0202282
497,0.0115462,0.020185
498,-0.0105874,0.0201373
499,-0.00626622,0.0200683
500,0.0378409,0.0201569
501,-0.0137137,0.0201248
502,-0.00259751,0.0200376
503,-0.001024,0.019943
504,-0.00903702,0.0198888
505,0.0130425,0.0198547
506,-0.0258202,0.0198845
507,-0.0501041,0.0200352
508,0.0150994,0.0200106
509,-0.0172109,0.0199967
510,-0.00509197,0.0199226
511,-0.0404266,0.0200248
512,-0.0142916,0.0199962
513,-0.0142587,0.0199677
514,0.0088422,0.0199124
515,-0.0341769,0.0199834
516,0.00733716,0.0199205
517,-0.0185609,0.0199138
518,0.0142194,0.0198855
519,-7.37809e-005,0.0197869
520,0.0204137,0.01979
521,-0.0146921,0.0197647
522,-0.0342606,0.0198369
523,-0.0454146,0.0199645
524,-0.0243107,0.0199862
525,-0.0225531,0.019999
526,-0.0462632,0.02013
527,0.0121139,0.0200901
528,-0.0130796,0.0200552
529,0.00580323,0.0199843
530,-0.0174543,0.0199718
531,-0.0244169,0.0199939
532,0.00161095,0.0199025
533,-0.00741003,0.0198403
534,-0.0159707,0.0198211
535,0.00350957,0.0197399
536,0.0110224,0.0196965
537,-0.0286835,0.0197413
538,-0.0307117,0.0197959
539,0.0181166,0.0197876
540,-0.00368387,0.0197075
541,0.0328163,0.0197728
542,0.0197603,0.0197728
543,0.0222586,0.0197852
544,-0.0102279,0.0197377
545,-0.0147582,0.0197129
546,0.0290747,0.0197596
547,-0.0301874,0.0198116
548,-0.00771849,0.0197514
549,-0.0139159,0.0197224
550,-0.00174357,0.019633
551,0.00144678,0.0195425
552,-0.00342149,0.0194623
553,-0.0130638,0.0194305
554,-0.0181654,0.0194242
555,0.0189973,0.0194221
556,-0.0167688,0.0194089
557,0.00337426,0.0193292
558,0.0324882,0.0193947
559,0.030528,0.0194502
560,-0.0206897,0.0194565
561,-0.00460884,0.0193826
562,0.0226536,0.019399
563,-0.00388229,0.0193218
564,-0.0153875,0.0193022
565,-0.0362314,0.0193867
566,-0.006448,0.0193223
567,-0.0107097,0.0192795
568,0.00105737,0.0191888
569,-0.0179179,0.0191825
570,0.00117169,0.0190929
571,0.00715387,0.0190335
572,0.0173417,0.0190252
573,0.0207245,0.0190336
574,-0.00716606,0.0189746
575,0.0281342,0.0190203
576,-0.00996872,0.0189753
577,-0.00408274,0.0189012
578,0.0222838,0.0189181
579,0.0110283,0.0188788
580,-0.00160333,0.0187929
581,0.0245211,0.0188215
582,0.0171206,0.0188131
583,0.000522393,0.0187221
584,-0.00760057,0.0186667
585,0.0165561,0.0186562
586,0.0309354,0.0187175
587,0.0369399,0.0188084
588,0.0200154,0.0188145
589,-0.00493553,0.0187454
590,0.0131041,0.0187173
591,-0.0113006,0.0186805
592,0.0373842,0.0187738
593,0.0326105,0.0188428
594,0.00219393,0.01876
595,0.00972459,0.018715
596,0.0220553,0.0187317
597,0.024531,0.0187607
598,0.00775365,0.0187059
599,0.0317517,0.018771
600,0.00274419,0.0186912
601,-0.0185519,0.0186905
602,0.0123642,0.0186591
603,0.000971195,0.0185711
604,0.032793,0.0186421
605,-0.0141556,0.0186198
606,0.0270471,0.0186618
607,0.009095,0.0186142
608,-0.0121899,0.0185822
609,-0.000354689,0.0184915
610,0.00121699,0.0184056
611,0.00638997,0.0183458
612,-0.00496883,0.0182793
613,0.014975,0.0182628
614,-0.0228595,0.0182858
615,0.0286969,0.0183378
616,-0.00853472,0.018289
617,0.00260922,0.018211
618,-0.0125471,0.0181828
619,0.0171711,0.0181778
620,-0.00409867,0.0181077
621,0.00344062,0.0180348
622,0.0025534,0.0179577
623,0.0138758,0.0179374
624,-0.0186113,0.0179408
625,-0.0193653,0.0179479
626,-0.0104571,0.0179106
627,0.0120397,0.0178815
628,0.0288999,0.0179364
629,0.0154426,0.017924
630,0.0438445,0.0180535
631,0.00488712,0.017988
632,-0.00148151,0.0179058
633,0.0363352,0.0179979
634,0.0010584,0.0179136
635,0.00644037,0.0178565
636,0.00181632,0.0177767
637,0.0108235,0.0177421
638,-0.010103,0.0177041
639,-0.0134228,0.0176828
640,0.00209308,0.0176053
641,-0.00670538,0.0175511
642,-0.0241537,0.017584
643,-0.017244,0.0175824
644,0.0186444,0.0175877
645,0.015559,0.0175776
646,-0.011539,0.0175475
647,-0.0291265,0.0176054
648,-0.00386341,0.017537
649,0.024046,0.0175694
650,0.0160211,0.0175618
651,-0.0136889,0.0175425
652,0.0335232,0.0176223
653,-0.00683691,0.0175686
654,-0.014485,0.0175533
655,-0.00150545,0.0174735
656,0.0151528,0.0174619
657,0.0115922,0.0174327
658,0.00293019,0.0173606
659,-0.0104099,0.017326
660,0.0270227,0.0173744
661,0.00971263,0.0173363
662,-0.012888,0.0173142
663,0.00465026,0.0172512
664,-0.00894055,0.0172099
665,0.0017848,0.0171331
666,-0.0103575,0.0170994
667,0.00142781,0.0170215
668,-0.00640686,0.0169686
669,0.00997774,0.0169339
670,-0.0088796,0.0168938
671,0.0145906,0.0168823
672,-0.0185061,0.0168904
673,0.010244,0.0168574
674,0.00180085,0.0167825
675,0.0318026,0.0168574
676,-0.0128598,0.0168376
677,-0.0110467,0.0168088
678,-0.0191399,0.0168204
679,-0.0158999,0.0168158
680,0.0169408,0.0168165
681,0.0236234,0.0168504
682,-0.00701535,0.0168015
683,-0.013009,0.0167826
684,-0.0253115,0.0168251
685,0.0221689,0.0168518
686,0.00351617,0.0167855
687,-0.0174759,0.016789
688,-0.0129097,0.0167697
689,-0.0188135,0.0167799
690,-0.00589965,0.0167258
691,-0.0100173,0.0166925
692,0.0205458,0.0167117
693,0.00795043,0.0166681
694,-0.0104537,0.0166372
695,-0.019039,0.0166492
696,0.00368005,0.0165846
697,0.00405041,0.0165223
698,-0.0144072,0.0165118
699,-0.0101623,0.0164802
700,-0.0234372,0.0165149
701,-0.0315953,0.0165903
702,0.0335497,0.016675
703,-0.0344225,0.0167636
704,-0.0147237,0.0167535
705,-0.0265131,0.0168022
706,-0.0133162,0.0167849
707,-0.0313415,0.0168576
708,-0.00318791,0.0167896
709,-0.0119253,0.0167655
710,4.29098e-005,0.0166823
711,-0.0120474,0.0166592
712,-0.0117865,0.016635
713,-0.00637543,0.016584
714,-0.0213727,0.0166079
715,-0.021093,0.0166303
716,-0.00626022,0.0165787
717,-0.0192097,0.0165919
718,-0.0119461,0.0165688
719,-0.0110352,0.0165412
720,0.028155,0.0165992
721,-0.0151573,0.0165921
722,-0.017806,0.0165982
723,-0.0091072,0.016561
724,0.000696678,0.0164821
725,0.00974739,0.0164486
726,0.00451982,0.0163892
727,0.0113045,0.0163639
728,0.0130097,0.0163473
729,-0.00944367,0.0163129
730,0.0159924,0.0163114
731,0.0265153,0.0163624
732,0.0309927,0.0164355
733,-0.000819298,0.0163579
734,-0.0045896,0.0162993
735,0.0342784,0.0163892
736,-0.00966187,0.0163558
737,-0.029554,0.0164217
738,0.00539402,0.0163668
739,-0.0258603,0.0164143
740,0.00400754,0.0163525
741,0.0148048,0.0163448
742,0.0209351,0.0163678
743,0.0113665,0.0163429
744,0.0223968,0.0163731
745,0.00538522,0.0163185
746,0.00534676,0.0162639
747,0.0125442,0.0162454
748,0.0335649,0.016332
749,0.0132271,0.0163166
750,0.0127478,0.0162989
751,0.00336776,0.0162346
752,-0.0234004,0.0162704
753,-0.0223699,0.0163009
754,0.00966508,0.0162679
755,0.000613466,0.01619
756,-0.0186477,0.0162024
757,-0.0234205,0.0162385
758,-0.00171423,0.0161662
759,-0.0110573,0.0161408
760,-0.00410463,0.016081
761,-0.0103275,0.0160524
762,0.019166,0.0160679
763,0.0135124,0.0160553
764,0.0133044,0.0160417
765,-0.00152211,0.0159694
766,-0.0198535,0.0159889
767,-0.0105477,0.0159618
768,-0.00821364,0.0159233
769,0.0132651,0.0159102
770,0.0130107,0.0158957
771,0.00498924,0.0158415
772,0.022934,0.015877
773,0.0167842,0.0158816
774,0.0217968,0.0159111
775,-0.00977204,0.0158806
776,0.00243302,0.0158137
777,0.00318125,0.0157509
778,-0.029697,0.0158206
779,0.00749883,0.0157792
780,-0.00112427,0.0157063
781,-0.00228033,0.0156395
782,0.00189094,0.0155711
783,0.0176458,0.0155815
784,0.0103965,0.0155557
785,0.00658672,0.0155111
786,0.0192074,0.0155295
787,0.00811024,0.0154926
788,-0.0141647,0.015486
789,-0.00157654,0.0154168
790,-0.00689135,0.0153744
791,0.0286321,0.0154407
792,-0.00529992,0.0153903
793,0.0144542,0.0153857
794,0.00775444,0.0153477
795,-0.0107365,0.0153248
796,0.0115278,0.015306
797,0.0231648,0.0153452
798,-0.0167567,0.0153524
799,0.0101944,0.0153268
800,-0.0108643,0.0153046
801,-0.00304122,0.0152436
802,-0.00106924,0.015173
803,0.00436649,0.0151193
804,-0.00540399,0.0150709
805,0.000296478,0.0149974
806,0.0124102,0.0149846
807,-0.0106444,0.014963
808,0.0169164,0.0149727
809,-0.0296798,0.0150464
810,-1.08537e-005,0.0149716
811,-0.0045971,0.01492
812,-0.0066426,0.0148788
813,-0.0100959,0.014855
814,0.00381174,0.0148001
815,-0.0254096,0.0148532
816,-0.0206399,0.0148821
817,-0.0254984,0.0149352
818,0.023204,0.0149766
819,0.0130324,0.0149669
820,-0.0156278,0.0149703
821,-0.00382493,0.0149148
822,0.0114531,0.0148976
823,0.0132664,0.0148896
824,-0.0154521,0.0148924
825,-0.00836125,0.0148599
826,0.020346,0.0148873
827,-0.00413241,0.0148339
828,0.0121295,0.0148204
829,-0.00289731,0.0147611
830,-0.0112441,0.0147436
831,0.00754744,0.0147079
832,-0.00391513,0.0146542
833,-0.0120364,0.0146412
834,0.00466867,0.0145916
835,-0.00372091,0.0145375
836,0.0102649,0.0145162
837,0.0178567,0.014533
838,0.01305,0.0145257
839,0.00977571,0.014502
840,-0.00431757,0.0144514
841,0.0150302,0.0144543
842,-0.0180642,0.0144724
843,0.0113167,0.0144567
844,0.000348907,0.0143865
845,-0.0200605,0.014415
846,0.00882395,0.0143872
847,0.0113943,0.0143723
848,0.000665578,0.0143041
849,-0.00856449,0.0142756
850,-0.0158336,0.0142833
851,0.0141886,0.014283
852,0.0014522,0.0142191
853,0.00732297,0.0141848
854,0.00272184,0.0141278
855,0.0122587,0.0141185
856,-0.0126867,0.0141114
857,0.0126987,0.0141044
858,-0.00144878,0.0140415
859,-0.0124138,0.0140334
860,0.0251197,0.014089
861,2.32281e-005,0.014019
862,0.0079599,0.0139889
863,-0.0228352,0.0140332
864,0.00139661,0.0139703
865,-0.017051,0.0139857
866,-0.0181984,0.0140068
867,0.0131764,0.0140028
868,-0.00765484,0.0139712
869,0.0111361,0.0139571
870,0.00156651,0.0138955
871,-0.00268146,0.0138397
872,0.0107274,0.0138243
873,-0.00380595,0.0137745
874,0.00308142,0.0137213
875,-0.0194157,0.0137498
876,-0.00108593,0.0136868
877,-0.0128478,0.0136827
878,-0.000879795,0.013619
879,0.00385314,0.0135704
880,-0.0222583,0.0136139
881,0.0161208,0.0136265
882,-0.00296503,0.0135735
883,-0.00977416,0.0135546
884,0.0129014,0.0135515
885,0.0151878,0.0135597
886,-0.0064147,0.0135242
887,0.00768753,0.0134952
888,0.00415364,0.0134487
889,0.0231244,0.0134973
890,-0.0155771,0.0135078
891,0.00279123,0.0134545
892,0.0150248,0.0134624
893,-0.0102016,0.0134462
894,0.00664791,0.0134124
895,0.0269672,0.0134805
896,0.00815455,0.0134541
897,0.00316377,0.0134029
898,-0.0216123,0.013444
899,-0.00539727,0.013404
900,-0.00762099,0.0133753
901,0.01952,0.0134061
902,0.00785167,0.0133785
903,-0.009749,0.0133605
904,0.0190835,0.0133893
905,0.00119679,0.0133287
906,-0.00329083,0.0132787
907,-0.00544325,0.0132397
908,0.0107411,0.0132273
909,-0.00302725,0.0131766
910,-0.011837,0.01317
911,-0.00567824,0.0131328
912,-0.00136855,0.0130742
913,0.0144057,0.0130809
914,-0.00069779,0.0130193
915,0.00924637,0.0130006
916,0.00137784,0.0129427
917,-0.0112734,0.0129344
918,-0.00462951,0.0128931
919,0.00900361,0.0128738
920,-0.00897562,0.0128544
921,0.0177173,0.0128787
922,0.00417945,0.0128355
923,-0.00451884,0.0127941
924,-0.00397823,0.0127502
925,-0.0102642,0.0127379
926,0.00415842,0.0126952
927,-0.00849624,0.0126744
928,0.00257356,0.0126241
929,-0.0201115,0.0126617
930,0.0111143,0.0126541
931,-0.0088506,0.0126352
932,-0.00854455,0.0126148
933,0.0111247,0.0126074
934,-0.0203205,0.0126461
935,0.000608104,0.0125862
936,0.00141682,0.0125307
937,0.0015006,0.0124758
938,0.00859919,0.0124566
939,0.00590658,0.012424
940,-0.00901749,0.0124071
941,0.00795317,0.0123849
942,-0.0168623,0.0124075
943,0.0135638,0.0124133
944,0.0190896,0.0124469
945,-0.00713781,0.0124205
946,-0.00426319,0.0123799
947,0.00245745,0.0123306
948,0.0107105,0.0123225
949,-0.00296636,0.012276
950,-0.0159381,0.0122944
951,0.00363805,0.0122514
952,0.0111872,0.0122461
953,0.0107059,0.0122386
954,-0.017541,0.0122652
955,-0.00386565,0.0122234
956,0.008323,0.012204
957,0.0174588,0.0122305
958,-0.00965678,0.0122177
959,0.00625426,0.012188
960,0.00469019,0.0121507
961,-0.0174677,0.0121774
962,0.0190159,0.0122119
963,-0.0128118,0.0122149
964,-0.00750877,0.0121915
965,0.00591486,0.0121603
966,-3.99241e-005,0.0121
967,0.00885337,0.0120839
968,-0.00391483,0.0120433
969,-0.0115711,0.0120409
970,-0.00169882,0.0119895
971,-0.0056857,0.0119581
972,0.00595618,0.0119283
973,-0.00188665,0.0118783
974,-0.0060341,0.0118493
975,-0.0053096,0.0118167
976,0.0133363,0.0118245
977,0.0144497,0.0118376
978,0.0094231,0.0118256
979,0.00611077,0.0117972
980,0.0202896,0.01184
981,0.00383398,0.0118002
982,0.0068528,0.0117756
983,-0.0111468,0.0117725
984,0.0202863,0.0118154
985,-0.0168313,0.0118407
986,0.00432997,0.0118034
987,-0.00648234,0.0117769
988,0.000732342,0.011722
989,0.00454913,0.0116863
990,0.00193022,0.0116378
991,-0.0101765,0.0116305
992,0.00916986,0.0116184
993,0.000744465,0.0115643
994,0.00532627,0.0115333
995,0.00463321,0.0114989
996,-0.0130395,0.0115066
997,0.0180251,0.0115396
998,0.00867847,0.0115254
999,-0.0158072,0.0115471
1000,-0.000155397,0.0114904
1001,-0.0107204,0.0114867
1002,0.000238062,0.0114308
1003,0.015771,0.0114527
1004,0.0168188,0.0114797
1005,-0.00345107,0.0114398
1006,0.00859028,0.0114256
1007,-0.00949178,0.0114161
1008,0.00865946,0.0114024
1009,-0.0100973,0.0113961
1010,0.0136597,0.0114076
1011,-0.0164971,0.0114333
1012,0.00351713,0.011394
1013,0.00381645,0.0113563
1014,0.0123773,0.0113615
1015,0.0103869,0.0113566
1016,-0.0120026,0.0113601
1017,0.00324365,0.0113197
1018,-0.0108825,0.0113176
1019,-0.00699765,0.0112961
1020,0.0105755,0.0112926
1021,0.0132559,0.0113025
1022,0.00811689,0.0112867
1023,0.00826551,0.0112718
1024,-0.00346248,0.011233
1025,0.00810621,0.0112174
1026,0.0153818,0.0112385
1027,0.00779996,0.0112214
1028,-0.00337115,0.0111823
1029,0,0.0111267
1030,-0.00582687,0.0111003
1031,0.00309936,0.0110605
1032,0.00103629,0.0110107
1033,-0.00645039,0.010988
1034,0.0114503,0.0109905
1035,0.00926548,0.0109819
1036,0.00615109,0.0109579
1037,0.00368309,0.0109218
1038,0.0081713,0.0109081
1039,0.00583885,0.010883
1040,0.00259119,0.0108417
1041,-0.010982,0.0108424
1042,0.0128914,0.010853
1043,0.00841008,0.0108409
1044,0.0052554,0.0108131
1045,-0.00991122,0.0108087
1046,0.00941186,0.0108017
1047,-0.00584892,0.0107771
1048,-0.00116727,0.0107293
1049,0.00638448,0.0107077
1050,-0.00087544,0.0106588
1051,0.0124508,0.0106679
1052,-0.00696925,0.0106495
1053,0.00257731,0.0106094
1054,-0.0028394,0.0105707
1055,-0.000540243,0.0105208
1056,-0.00153118,0.0104761
1057,0.0123684,0.0104856
1058,0.00556276,0.0104612
1059,-0.00335429,0.0104258
1060,-0.0112225,0.01043
1061,-0.00913685,0.0104236
1062,-0.00493355,0.0103963
1063,-0.00317904,0.0103604
1064,-0.00278747,0.0103227
1065,0.00721041,0.0103073
1066,-0.000629402,0.0102591
1067,0.00787699,0.0102473
1068,0.0105142,0.0102487
1069,-0.00731515,0.0102342
1070,-0.000990308,0.0101882
1071,-0.00285269,0.0101517
1072,0.0127164,0.0101649
1073,-0.0015006,0.0101218
1074,-0.010361,0.0101231
1075,-0.00892851,0.0101172
1076,-0.0066248,0.0100998
1077,-0.00488712,0.0100739
1078,-0.0035618,0.0100415
1079,-0.00763528,0.0100296
1080,0.0103533,0.0100313
1081,-0.00646117,0.0100136
1082,-0.00736385,0.0100004
1083,0.00104761,0.00995589
1084,0.00528278,0.00993264
1085,1.92422e-005,0.00988332
1086,-0.0102155,0.00988499
1087,-0.00522639,0.00986182
1088,0.0111902,0.00986856
1089,0.00426027,0.00984066
1090,0.00834778,0.0098334
1091,-5.12769e-005,0.00978473
1092,-0.0024849,0.00974841
1093,-0.0017782,0.00970876
1094,-0.005455,0.00968768
1095,-0.0095167,0.00968695
1096,0.00352325,0.00965629
1097,0.000393149,0.0096102
1098,0.00686898,0.00959664
1099,0.00418799,0.00956974
1100,0.00951135,0.00956945
1101,0.00716181,0.00955748
1102,0.0101424,0.00956057
1103,0.00860106,0.00955585
1104,-0.00306656,0.00952358
1105,-0.00410191,0.0094966
1106,0.00410361,0.00946978
1107,-0.00133874,0.00942933
1108,0.0062982,0.00941377
1109,-0.00358581,0.00938478
1110,-0.00109404,0.00934354
1111,-0.00830839,0.00933839
1112,-0.00249498,0.00930436
1113,0.00361098,0.00927605
1114,-0.00830982,0.00927124
1115,0.00806212,0.00926523
1116,-0.000949535,0.00922386
1117,-0.00213491,0.0091886
1118,-0.0019318,0.0091525
1119,0.000306711,0.00910849
1120,-0.00733586,0.00909968
1121,-0.00454733,0.00907705
1122,0.00788077,0.00907123
1123,-0.00372476,0.00904463
1124,0.00231567,0.00901116
1125,-0.0101472,0.00901699
1126,-0.00978978,0.00902089
1127,0.0012421,0.00898219
1128,-0.0101636,0.00898812
1129,0.0013568,0.00895016
1130,-0.00392453,0.00892516
1131,-0.0110271,0.00893595
1132,-0.000546748,0.00889421
1133,0.00549608,0.0088773
1134,-0.00608527,0.00886342
1135,-0.0044112,0.00884132
1136,0.0107625,0.00885112
1137,-0.0104829,0.0088595
1138,0.00177661,0.00882427
1139,0.0022835,0.00879174
1140,-0.00068959,0.00875143
1141,-0.00742212,0.00874482
1142,-0.00664586,0.0087344
1143,0.0055167,0.00871844
1144,-0.00576112,0.00870373
1145,-0.00532511,0.00868693
1146,-0.00283669,0.00865783
1147,0.00424995,0.0086359
1148,0.00943438,0.00863999
1149,-0.00769315,0.00863528
1150,0.0102162,0.00864337
1151,0.00635119,0.008632
1152,-0.00443395,0.00861112
1153,0.00682217,0.00860232
1154,0.00917135,0.00860521
1155,0.00878859,0.0086063
1156,0.00531504,0.00858992
1157,-0.0016295,0.0085553
1158,0.0086574,0.00855598
1159,-0.00776505,0.00855212
1160,0.00948172,0.00855706
1161,0.00634777,0.00854608
1162,-0.00630579,0.00853507
1163,-0.00279534,0.00850653
1164,-0.00282088,0.00847824
1165,0.00243985,0.00844821
1166,-0.00745459,0.00844333
1167,0.00748875,0.0084388
1168,-0.00439034,0.00841867
1169,0.00524555,0.00840289
1170,-0.00642694,0.00839308
1171,0.00451561,0.0083738
1172,0.00710788,0.00836752
1173,-0.00552601,0.00835339
1174,-0.00726876,0.008348
1175,-0.00111478,0.00831202
1176,-0.00349155,0.00828805
1177,0.00662049,0.00827982
1178,-0.00340438,0.00825557
1179,-0.00651421,0.00824691
1180,-0.000759301,0.00820966
1181,-0.000846104,0.00817303
1182,0.00844396,0.0081745
1183,-0.00582123,0.0081628
1184,0.00737505,0.008159
1185,0.00857397,0.00816107
1186,-0.00715995,0.00815625
1187,0.00880046,0.00815953
1188,-0.00836344,0.00816055
1189,0.000735325,0.00812361
1190,0.0049072,0.00810761
1191,0.00459188,0.00809012
1192,-0.00833135,0.00809132
1193,0.00253612,0.00806369
1194,0.00804943,0.00806372
1195,-0.00672609,0.00805709
1196,0.00727564,0.00805338
1197,-0.007367,0.00805019
1198,-0.00407791,0.00803047
1199,0.00559536,0.00801837
1200,0.00713281,0.00801406
1201,-0.00177638,0.00798303
1202,-0.00700671,0.00797823
1203,-0.00128017,0.00794492
1204,0.00450245,0.00792781
1205,0.00204726,0.00789855
1206,0.00275888,0.00787299
1207,-0.00723861,0.00786988
1208,-0.00525693,0.00785695
1209,-0.00681107,0.00785176
1210,0.00544497,0.00783978
1211,-0.00103494,0.00780593
1212,0.00547776,0.00779439
1213,-0.00347121,0.00777293
1214,-0.00101336,0.0077393
1215,0.000681447,0.00770419
1216,0.00641971,0.00769781
1217,-0.00818794,0.00770037
1218,-0.000657336,0.00766533
1219,-0.00506788,0.00765247
1220,-0.00507529,0.00763965
1221,-0.00332579,0.0076182
1222,0.00232766,0.0075919
1223,0.00543644,0.0075813
1224,-0.00474467,0.00756719
1225,-0.00636722,0.00756135
1226,0.00230322,0.00753523
1227,0.00694081,0.0075323
1228,-0.00729313,0.00753112
1229,-0.00757699,0.00753137
1230,-0.00293577,0.00750851
1231,0.00401115,0.00749111
1232,0.00153933,0.0074615
1233,-0.00424275,0.00744549
1234,-0.0068024,0.00744234
1235,-0.00557966,0.00743307
1236,0.00549702,0.00742358
1237,-0.00725522,0.00742275
1238,-0.00476878,0.00740966
1239,-0.00606391,0.00740314
1240,-0.0037841,0.00738515
1241,-0.000240748,0.0073496
1242,0.00143804,0.00732019
1243,0.00465196,0.00730695
1244,-0.00226984,0.00728193
1245,-0.00722497,0.00728164
1246,0.00219793,0.00725636
1247,0.00562315,0.00724824
1248,-0.00720933,0.00724809
1249,-0.00733862,0.00724855
1250,-0.00548492,0.00723993
1251,0.00542966,0.00723101
1252,-0.00506748,0.00722025
1253,0.00520924,0.00721027
1254,-0.00282667,0.00718846
1255,-0.0071214,0.00718812
1256,-0.00624658,0.00718361
1257,-0.00530969,0.00717435
1258,0.00765096,0.00717676
1259,-0.00371161,0.00715952
1260,-0.00452886,0.00714651
1261,-0.00751636,0.00714835
1262,0.000486413,0.00711521
1263,-0.0023614,0.00709156
1264,-0.00771329,0.00709466
1265,-0.00405256,0.00707954
1266,0.00508951,0.00706964
1267,-0.000349188,0.00703621
1268,9.31031e-005,0.00700166
1269,0.000522796,0.00696943
1270,-0.00513907,0.00696038
1271,0.00384752,0.00694493
1272,0.00116473,0.00691618
1273,-0.00216517,0.00689259
1274,-0.00631521,0.00688978
1275,0.00522973,0.00688153
1276,0.000929807,0.00685192
1277,0.00342584,0.00683492
1278,0.00120841,0.00680692
1279,0.00273842,0.00678672
1280,-0.00389595,0.00677243
1281,0.0044978,0.00676114
1282,-0.00219447,0.00673844
1283,0.00150203,0.0067124
1284,-0.00430053,0.00670045
1285,-0.00127926,0.00667348
1286,-0.000742212,0.00664398
1287,-0.00606741,0.00664111
1288,-0.00436851,0.00662981
1289,-0.0025772,0.00660969
1290,-0.00365403,0.00659502
1291,4.50294e-005,0.00656243
1292,-0.00462199,0.00655287
1293,-0.00643028,0.0065524
1294,0.000909169,0.00652434
1295,-0.00566091,0.00652006
1296,0.00442835,0.00650966
1297,-0.00279732,0.0064912
1298,0.00201563,0.00646894
1299,0.00153283,0.00644439
1300,0.00739251,0.0064491
1301,-0.00604216,0.00644719
1302,0.00133848,0.00642177
1303,0.00629714,0.00642116
1304,0.00639816,0.00642105
1305,0.00142687,0.00639623
1306,0.00228363,0.00637577
1307,-0.00462539,0.00636719
1308,-0.00289099,0.0063499
1309,0.000746442,0.00632203
1310,-0.00461543,0.00631356
1311,-0.00136487,0.00628894
1312,-0.000781913,0.00626155
1313,0.00482224,0.00625445
1314,0.000640615,0.00622652
1315,-0.00384502,0.00621473
1316,-0.0054662,0.00621112
1317,-0.00551821,0.00620769
1318,0.00291132,0.0061913
1319,-0.00238891,0.00617239
1320,0.00391601,0.00616123
1321,-0.0011388,0.00613624
1322,-0.00339863,0.00612265
1323,0.00615052,0.00612293
1324,-0.00353497,0.00611005
1325,0.000595034,0.00608262
1326,0.00430625,0.00607381
1327,0.000209713,0.00604463
1328,0.000795634,0.00601852
1329,-0.00289033,0.00600297
1330,0.00547975,0.00600037
1331,0.000864137,0.00597483
1332,0.00356296,0.00596285
1333,0.00632738,0.00596467
1334,0.00394681,0.00595468
1335,-0.00525186,0.00595134
1336,-0.00141135,0.00592877
1337,0.0016479,0.00590749
1338,-0.000570532,0.00588094
1339,-0.000317745,0.00585327
1340,0.00644325,0.0058562
1341,0.00147739,0.00583442
1342,-0.0036493,0.00582367
1343,-0.00437309,0.00581645
1344,0.00315839,0.00580327
1345,0.0022923,0.00578581
1346,0.00389558,0.00577641
1347,0.00433483,0.00576924
1348,-0.00625757,0.00577167
1349,0.00316934,0.00575877
1350,-0.0025759,0.00574293
1351,0.00368014,0.00573276
1352,0.000815311,0.0057083
1353,0.00426882,0.00570114
1354,-0.00198554,0.00568266
1355,-0.00364069,0.0056725
1356,-0.000538488,0.00564696
1357,0.00148491,0.00562628
1358,0.000736776,0.00560196
1359,-0.00416575,0.00559483
1360,0.000138653,0.00556768
1361,0.000216989,0.00554106
1362,0.000403138,0.00551551
1363,0.00464532,0.00551119
1364,-0.00233922,0.00549543
1365,0.0001329,0.00546875
1366,-0.00113604,0.0054472
1367,-0.00175296,0.00542883
1368,0.00397833,0.00542176
1369,0.00210788,0.00540529
1370,0.00400113,0.00539831
1371,-0.00218576,0.00538234
1372,0.00542854,0.0053826
1373,-0.00376718,0.00537463
1374,-0.000273329,0.00534925
1375,0.00670998,0.00535603
1376,-0.0029684,0.00534416
1377,-0.00348798,0.00533495
1378,-0.00184568,0.0053176
1379,-7.17944e-006,0.00529118
1380,-0.00484809,0.00528916
1381,0.000807933,0.00526687
1382,0.00153965,0.00524833
1383,0.00200795,0.00523222
1384,0.00160084,0.00521416
1385,-0.000540746,0.00519091
1386,-0.00365002,0.00518328
1387,-0.0038296,0.00517655
1388,-0.00462339,0.0051738
1389,-0.000122192,0.00514867
1390,-0.00404596,0.00514319
1391,-0.00658987,0.00515039
1392,0.00227743,0.0051361
1393,-0.00354885,0.00512823
1394,-0.00578981,0.00513152
1395,-2.69652e-005,0.00510613
1396,-0.00109649,0.00508618
1397,-0.00588427,0.00509015
1398,0.00155085,0.00507256
1399,0.00265612,0.00506055
1400,-0.000312659,0.00503694
1401,-4.90155e-005,0.00501212
1402,-0.00446111,0.00500954
1403,0.00541065,0.00501159
1404,0.00411906,0.00500715
1405,-0.00511157,0.00500769
1406,-0.00322138,0.00499882
1407,-0.00327213,0.00499025
1408,-0.00121131,0.00497146
1409,-0.00559043,0.00497454
1410,0.000611775,0.00495284
1411,-0.000550173,0.00493094
1412,0.00473203,0.00492996
1413,0.00350843,0.00492296
1414,-0.000565219,0.00490128
1415,0.00485425,0.00490109
1416,-0.00392426,0.00489623
1417,0.00476791,0.00489562
1418,-0.00325127,0.00488744
1419,0.00491999,0.00488761
1420,-8.93222e-005,0.00486374
1421,-0.00374483,0.00485828
1422,-0.00596245,0.00486377
1423,0.00380977,0.00485853
1424,-0.00463511,0.00485742
1425,0.00413032,0.0048538
1426,-0.00477618,0.00485345
1427,0.00300547,0.00484426
1428,0.00649141,0.00485246
1429,-0.00408017,0.00484865
1430,-0.0043575,0.0048463
1431,-0.003916,0.00484174
1432,0.000976412,0.00482252
1433,-0.00579443,0.00482736
1434,-0.00180602,0.00481237
1435,0.00459644,0.0048113
1436,0.000635779,0.00479053
1437,0.00260795,0.0047797
1438,0.00206808,0.00476625
1439,-0.00161944,0.00475061
1440,0.00122441,0.00473307
1441,-0.00349256,0.00472703
1442,-0.00150437,0.00471101
1443,-0.00211407,0.00469809
1444,0.00501372,0.0046997
1445,3.68732e-006,0.00467634
1446,0.00446279,0.00467528
1447,-5.26435e-005,0.00465228
1448,-0.00229284,0.00464054
1449,0.00259621,0.00463042
1450,0.00464421,0.00463049
1451,0.00251839,0.00462
1452,0.000807231,0.00460103
1453,0.00529894,0.00460451
1454,0.00535329,0.00460824
1455,-0.00149234,0.00459275
1456,-0.00205706,0.00458014
1457,0.00022089,0.00455845
1458,0.00170907,0.00454428
1459,-0.00474542,0.00454532
1460,-0.00258533,0.00453557
1461,-0.00350838,0.00453046
1462,-0.00204717,0.00451811
1463,0.00258147,0.0045085
1464,-0.00261925,0.00449912
1465,-0.00632963,0.00450823
1466,0.000704374,0.00448932
1467,-0.00153984,0.00447466
1468,-0.00419118,0.00447325
1469,-0.00202298,0.00446107
1470,0.00388915,0.00445825
1471,-0.0018423,0.00444526
1472,0.000709581,0.00442667
1473,0.00426885,0.00442592
1474,0.00111774,0.00440949
1475,0.00271943,0.00440109
1476,0.00357037,0.00439696
1477,0.00105341,0.00438034
1478,-0.00259102,0.00437145
1479,-0.00303405,0.00436479
1480,0.00381439,0.00436206
1481,0.00360416,0.00435829
1482,-0.00154112,0.00434428
1483,0.00346874,0.00433993
1484,-0.00322242,0.00433443
1485,-0.0015895,0.00432079
1486,-0.00185578,0.00430858
1487,0.00273526,0.00430085
1488,0.00191727,0.00428899
1489,0.00213477,0.00427828
1490,0.00286468,0.00427133
1491,0.00186061,0.00425933
1492,0.00358435,0.00425597
1493,0.00525899,0.00426098
1494,-0.000345873,0.0042415
1495,-0.00322726,0.00423645
1496,0.00320328,0.00423132
1497,0.00314935,0.00422593
1498,0.00376179,0.00422366
1499,0.000361205,0.00420445
1500,0.000976446,0.00418839
1501,0.000622398,0.00417065
1502,-0.00254533,0.00416261
1503,-0.00135891,0.00414866
1504,-0.000241462,0.00412922
1505,0.0036771,0.00412698
1506,0.00228194,0.00411783
1507,0.00280348,0.00411134
1508,0.00412194,0.00411142
1509,-0.00200449,0.00410094
1510,-0.00323406,0.00409664
1511,0.00235837,0.00408801
1512,-0.00276358,0.00408142
1513,0.00276746,0.00407489
1514,-0.00414968,0.00407526
1515,-0.000150382,0.00405574
1516,0.004684,0.00405887
1517,-0.00579997,0.00406753
1518,0.002562,0.00406004
1519,0.00116652,0.00404568
1520,0.00463767,0.00404863
1521,-0.0013536,0.00403522
1522,0.000880755,0.00401954
1523,0.000364157,0.00400136
1524,0.00323412,0.00399754
1525,-0.00453295,0.00400021
1526,-0.00115595,0.00398606
1527,-0.00396776,0.00398598
1528,-0.00316818,0.00398192
1529,-0.000120285,0.00396271
1530,0.00464263,0.00396613
1531,0.00295912,0.00396121
1532,-0.00111601,0.00394705
1533,0.00169119,0.00393586
1534,0.00291807,0.00393081
1535,0.00168561,0.00391964
1536,0.0041765,0.00392092
1537,0.00401121,0.00392138
1538,0.000758624,0.00390564
1539,-0.00347108,0.00390357
1540,0.00151608,0.00389172
1541,-0.000599214,0.00387534
1542,-0.00105556,0.00386132
1543,0.00551248,0.00386953
1544,-0.00146756,0.00385759
1545,0.00119754,0.00384436
1546,-0.00302902,0.00384036
1547,0.000307395,0.00382278
1548,-0.00012787,0.0038044
1549,0.00178921,0.00379438
1550,-0.00139492,0.00378246
1551,0.000978157,0.00376852
1552,-0.00145145,0.00375703
1553,-0.00199229,0.00374826
1554,0.00317896,0.00374544
1555,-7.29507e-005,0.00372717
1556,0.00322479,0.00372474
1557,-0.0037375,0.00372481
1558,0.00417127,0.00372706
1559,-0.000167752,0.00370935
1560,-0.00195914,0.00370067
1561,0.00223463,0.00369341
1562,-0.000791551,0.00367897
1563,-0.00127451,0.00366703
1564,-0.00101372,0.00365385
1565,-0.00268843,0.00364907
1566,-0.00201052,0.00364092
1567,-0.000902347,0.00362731
1568,-0.000368586,0.00361111
1569,-0.00274435,0.00360679
1570,0.00400932,0.0036088
1571,-0.00375301,0.00360952
1572,0.00180797,0.00360059
1573,0.00298891,0.00359754
1574,0.00394736,0.00359929
1575,-0.000896318,0.00358584
1576,-0.00249247,0.00358043
1577,0.00291645,0.00357725
1578,0.00230172,0.00357092
1579,0.000190427,0.0035541
1580,-0.00132921,0.00354304
1581,0.000446133,0.00352763
1582,0.000321306,0.00351169
1583,-0.00270645,0.00350773
1584,-0.00142991,0.00349739
1585,-0.00344194,0.00349717
1586,0.00262894,0.00349287
1587,-0.00163109,0.00348362
1588,0.000876358,0.00347066
1589,0.00119179,0.00345933
1590,-0.00123667,0.00344831
1591,0.00173999,0.00343985
1592,0.00108075,0.00342812
1593,0.00328197,0.00342744
1594,-0.00401424,0.00343036
1595,0.000153683,0.00341406
1596,-0.00546096,0.00342425
1597,-0.00242012,0.0034193
1598,0.000227792,0.00340343
1599,-0.000310209,0.00338804
1600,-0.00389121,0.00339055
1601,0.00228408,0.00338505
1602,-0.00218752,0.00337912
1603,0.00157727,0.00337018
1604,0.00393456,0.003373
1605,0.00158065,0.00336409
1606,-0.0021188,0.00335789
1607,-0.00478097,0.00336497
1608,0.000889757,0.00335266
1609,0.00240336,0.00334794
1610,-0.000136553,0.00333197
1611,0.000808127,0.00331942
1612,0.0020314,0.00331303
1613,-0.00013498,0.00329721
1614,0.000167226,0.00328164
1615,-0.00200172,0.00327534
1616,0.000343384,0.00326075
1617,-9.58032e-005,0.00324501
1618,0.00109917,0.00323435
1619,0.00320449,0.0032342
1620,0.0021584,0.00322887
1621,0.00271349,0.00322636
1622,0.000178408,0.0032112
1623,0.00019208,0.00319618
1624,0.00216248,0.00319107
1625,-0.0022804,0.00318654
1626,-0.00159002,0.0031786
1627,-0.00485296,0.00318693
1628,0.00256278,0.00318383
1629,0.00440827,0.00318993
1630,0.00371308,0.00319256
1631,-0.00276877,0.00319049
1632,-0.000246269,0.00317584
1633,-0.00260757,0.00317306
1634,0.00190924,0.00316677
1635,-0.00331302,0.0031675
1636,-0.000347631,0.00315347
1637,0.000139364,0.00313848
1638,0.00119197,0.00312884
1639,0.00179817,0.00312223
1640,-0.00108921,0.00311214
1641,0.00179974,0.00310567
1642,-0.00163657,0.00309838
1643,-0.00119595,0.00308892
1644,-0.00159518,0.00308153
1645,0.00216445,0.00307704
1646,0.000936396,0.00306641
1647,0.00263985,0.00306428
1648,-0.00128239,0.00305542
1649,-0.00212544,0.00305082
1650,0.00310446,0.00305113
1651,0.00197435,0.00304581
1652,0.00204533,0.00304085
1653,1.80689e-005,0.00302581
1654,0.000585725,0.00301367
1655,0.00210505,0.00300916
1656,-0.00144864,0.0030014
1657,-0.000134664,0.00298714
1658,9.30771e-005,0.00297275
1659,-0.00139723,0.00296491
1660,0.00138492,0.00295706
1661,0.00476142,0.00296603
1662,0.00206907,0.00296157
1663,-0.00289461,0.00296125
1664,-0.00298912,0.00296142
1665,-0.00179135,0.00295564
1666,0.0025119,0.00295344
1667,0.00364645,0.00295689
1668,0.000873728,0.00294653
1669,2.5848e-005,0.002932
1670,0.000858371,0.00292168
1671,-0.00365442,0.00292534
1672,0.00370146,0.00292921
1673,0.00158805,0.00292255
1674,-0.00135217,0.00291477
1675,0.00178675,0.00290924
1676,-0.000260434,0.00289606
1677,0.00118538,0.00288759
1678,-0.0010479,0.00287845
1679,-0.000915682,0.00286869
1680,0.0041315,0.00287497
1681,0.0033567,0.00287737
1682,-0.00311244,0.00287855
1683,0.00030054,0.00286572
1684,-0.00457049,0.0028742
1685,0.00354206,0.00287753
1686,0.00227089,0.00287451
1687,0.00435427,0.00288187
1688,-0.00300258,0.00288249
1689,-0.00259439,0.00288109
1690,-0.00158888,0.00287468
1691,-0.000228828,0.00286152
1692,0.000910839,0.00285181
1693,-0.00368901,0.00285598
1694,0.00190162,0.00285131
1695,0.00226858,0.00284842
1696,-0.000316453,0.00283582
1697,0.00254227,0.00283439
1698,-0.00231754,0.00283183
1699,-0.000818511,0.00282182
1700,0.00130816,0.00281429
1701,-0.00284594,0.00281448
1702,0.0026227,0.00281354
1703,-0.000683351,0.00280296
1704,0.00281943,0.00280304
1705,0.00114297,0.00279478
1706,-0.000275567,0.00278225
1707,0.00197109,0.00277824
1708,-0.00233988,0.00277607
1709,0.00225223,0.00277347
1710,-0.00145975,0.00276695
1711,0.000678333,0.00275656
1712,-0.00111792,0.00274841
1713,0.00138218,0.00274162
1714,-0.00318151,0.00274381
1715,0.00383923,0.00274926
1716,-0.00256706,0.00274836
1717,-0.000706567,0.00273821
1718,0.0019198,0.00273415
1719,0.0042753,0.00274182
1720,-0.00033509,0.00272985
1721,-0.00289501,0.00273068
1722,-0.000916887,0.00272166
1723,-0.00153448,0.00271576
1724,-0.00240204,0.0027142
1725,-0.00118895,0.00270664
1726,0.00179398,0.00270211
1727,-0.00052836,0.00269129
1728,-0.00103675,0.00268308
1729,0.000852016,0.00267398
1730,0.000752198,0.00266442
1731,0.00165452,0.00265942
1732,-0.00206518,0.00265648
1733,-0.00139512,0.00265022
1734,-0.00102009,0.00264212
1735,-0.000449694,0.00263122
1736,0.00231724,0.00262966
1737,0.0010807,0.00262198
1738,0.00251279,0.00262143
1739,-0.000209004,0.00260944
1740,0.0027859,0.00261033
1741,0.00116006,0.00260312
1742,-0.00439862,0.00261205
1743,0.00108316,0.00260446
1744,-0.000556064,0.00259428
1745,0.000827619,0.0025855
1746,-0.0012345,0.00257878
1747,0.00149978,0.00257343
1748,0.000613994,0.00256369
1749,0.00175653,0.00255968
1750,0.0015234,0.00255456
1751,-0.00265122,0.00255507
1752,0.00331169,0.00255884
1753,0.00222751,0.00255722
1754,-0.00335422,0.00256119
1755,0.001851,0.00255767
1756,-0.00055452,0.00254771
1757,-0.000386955,0.00253697
1758,0.00223572,0.0025355
1759,-0.000167774,0.00252372
1760,-0.000571597,0.00251401
1761,0.0015265,0.00250914
1762,0.0025075,0.00250914
1763,-0.00116024,0.00250246
1764,-0.00112064,0.0024956
1765,-0.00130343,0.00248969
1766,-0.00168967,0.00248572
1767,0.00159213,0.00248128
1768,0.00328555,0.00248528
1769,0.000543248,0.00247563
1770,0.00367748,0.00248161
1771,0.000190461,0.00247021
1772,0.00148901,0.00246535
1773,-0.00166615,0.00246143
1774,-0.000905413,0.0024537
1775,0.00238031,0.00245336
1776,0.000592738,0.00244411
1777,0.00130097,0.00243842
1778,-0.002311,0.00243781
1779,0.00186357,0.002435
1780,-0.000847884,0.00242711
1781,-0.000512059,0.00241759
1782,0.0038042,0.0024245
1783,0.0033385,0.00242905
1784,0.00397141,0.00243673
1785,-0.00318546,0.00244046
1786,-0.00167469,0.00243665
1787,0.00342458,0.00244157
1788,-0.000558884,0.00243221
1789,-0.00253881,0.00243274
1790,-0.00268212,0.002434
1791,-0.00328749,0.00243825
1792,0.000232192,0.00242728
1793,-6.68346e-005,0.00241554
1794,0.00124905,0.00240974
1795,0.00210092,0.0024082
1796,0.00122221,0.00240232
1797,-0.00159669,0.00239834
1798,5.77066e-005,0.0023867
1799,0.00307199,0.00239011
1800,-0.000749995,0.00238196
1801,-0.00319865,0.00238603
1802,-0.00112158,0.00237975
1803,0.00176297,0.00237671
1804,0.00273113,0.0023785
1805,0.00336766,0.00238342
1806,0.00299176,0.00238646
1807,0.00178906,0.00238349
1808,0.000536832,0.00237431
1809,0.00163515,0.00237064
1810,0.00045887,0.00236113
1811,0.000297241,0.00235086
1812,-0.00163023,0.00234729
1813,-0.00260827,0.0023486
1814,-0.0033903,0.00235379
1815,-0.00111245,0.00234764
1816,0.000400247,0.00233797
1817,0.0015881,0.00233424
1818,-0.0019892,0.00233253
1819,0.00160619,0.00232896
1820,0.0011952,0.00232334
1821,0.00217871,0.00232262
1822,-0.00202705,0.00232117
1823,0.00294946,0.0023243
1824,0.00266907,0.00232602
1825,-0.00331102,0.00233092
1826,-0.000216481,0.00232041
1827,-0.000810062,0.00231293
1828,-0.00224082,0.0023126
1829,0.00161069,0.00230913
1830,0.000339523,0.00229933
1831,0.000928846,0.00229253
1832,-0.00290429,0.00229559
1833,-0.00101216,0.00228922
1834,0.00144419,0.00228503
1835,-0.00294189,0.0022883
1836,-0.00184524,0.0022861
1837,0.000454462,0.00227699
1838,-0.000949679,0.0022704
1839,-0.000113238,0.00225967
1840,-0.00194712,0.00225812
1841,-0.00137455,0.00225373
1842,1.69301e-005,0.0022426
1843,5.99591e-005,0.00223175
1844,0.000936686,0.0022253
1845,0.00259053,0.00222713
1846,0.0012784,0.00222241
1847,-0.000276503,0.00221273
1848,-0.00107864,0.00220712
1849,0.00158645,0.00220404
1850,-0.00153195,0.00220071
1851,-0.000507733,0.0021923
1852,-0.00213242,0.00219203
1853,0.00100795,0.00218614
1854,0.00130058,0.00218174
1855,-0.000249428,0.00217213
1856,6.52947e-005,0.00216165
1857,0.00172043,0.00215945
1858,0.00126829,0.00215506
1859,0.000836296,0.0021485
1860,-0.00125023,0.00214408
1861,0.00323016,0.00214949
1862,0.00122984,0.00214491
1863,-0.00144114,0.00214142
1864,-0.0021647,0.00214154
1865,-0.00128839,0.00213733
1866,0.00156134,0.00213449
1867,-0.000287999,0.00212532
1868,0.00286238,0.00212899
1869,-0.00315916,0.00213412
1870,-0.00308488,0.00213886
1871,-0.00216837,0.002139
1872,0.00257732,0.00214119
1873,0.00196742,0.00214033
1874,0.000675435,0.00213304
1875,-0.000645142,0.00212564
1876,-0.000565682,0.00211788
1877,0.000857276,0.00211161
1878,-0.000415007,0.00210318
1879,0.000875392,0.00209707
1880,-0.000285977,0.00208807
1881,-0.00140758,0.0020847
1882,-0.000594091,0.00207729
1883,0.000396509,0.00206893
1884,-0.00262046,0.00207169
1885,-0.00139334,0.00206832
1886,0.00219735,0.00206896
1887,0.00283305,0.00207276
1888,-2.16949e-005,0.00206256
1889,-0.00111521,0.00205786
1890,0.00104202,0.00205282
1891,-0.00142249,0.0020497
1892,-0.00127898,0.00204587
1893,0.000267659,0.00203702
1894,0.000789065,0.00203082
1895,0.000917571,0.0020253
1896,0.000590381,0.00201818
1897,-0.000866921,0.00201248
1898,0.000847121,0.00200671
1899,-0.00106554,0.00200203
1900,0.00240493,0.00200405
1901,0.000105636,0.00199461
1902,-0.000990866,0.00198962
1903,-0.00128336,0.00198612
1904,-0.00257519,0.00198906
1905,0.000606179,0.00198218
1906,0.00166434,0.00198061
1907,-0.00202157,0.00198082
1908,-0.000887695,0.00197538
1909,0.00109217,0.00197099
1910,-7.54137e-005,0.00196156
1911,0.00138145,0.00195868
1912,-0.000587186,0.00195186
1913,0.00139983,0.00194911
1914,-0.00104583,0.00194465
1915,0.00163267,0.0019431
1916,-0.000344874,0.00193515
1917,0.00291476,0.00194004
1918,0.00209121,0.00194081
1919,-0.0024512,0.00194336
1920,-0.000402121,0.00193569
1921,-0.00121753,0.00193213
1922,0.00239154,0.00193443
1923,0.000303998,0.00192632
1924,0.000230865,0.00191789
1925,-0.00164743,0.00191655
1926,-0.000890546,0.00191145
1927,-0.0024364,0.00191406
1928,-0.000193515,0.0019055
1929,0.000910391,0.00190055
1930,0.00154091,0.00189877
1931,0.00204416,0.0018995
1932,0.00137853,0.00189691
1933,0.00233437,0.00189909
1934,-0.00179176,0.00189856
1935,-9.38307e-006,0.00188916
1936,-0.00221939,0.00189081
1937,-0.00273753,0.00189503
1938,-5.50231e-005,0.00188588
1939,-0.00145176,0.00188372
1940,0.0018937,0.00188378
1941,-0.000852408,0.00187867
1942,-0.00268298,0.00188267
1943,-0.00226835,0.00188459
1944,-0.0010936,0.00188066
1945,0.00113123,0.00187693
1946,-0.00266198,0.00188084
1947,-0.000821902,0.00187558
1948,0.000334349,0.00186792
1949,-0.00140504,0.00186561
1950,0.000824275,0.00186046
1951,0.00283662,0.00186533
1952,-0.000546865,0.00185877
1953,0.00301998,0.00186455
1954,0.00173974,0.00186394
1955,0.000380889,0.00185656
1956,0.00175882,0.00185609
1957,-0.00101277,0.00185191
1958,-0.0023648,0.00185446
1959,0.000341987,0.00184695
1960,-0.000233516,0.00183892
1961,0.00183973,0.00183896
1962,0.00169827,0.00183828
1963,-0.00267315,0.00184244
1964,-0.000645187,0.00183648
1965,0.00127295,0.00183368
1966,-0.00287702,0.00183887
1967,-0.00148164,0.00183711
1968,0.000144155,0.00182869
1969,-0.00216402,0.00183036
1970,-2.13389e-005,0.00182136
1971,0.000555391,0.00181506
1972,-0.00191355,0.00181556
1973,-0.000280572,0.00180793
1974,-0.000685006,0.00180235
1975,0.00172163,0.00180196
1976,-0.000148119,0.00179373
1977,-0.0023258,0.00179638
1978,-2.51826e-006,0.00178746
1979,-0.000927724,0.00178318
1980,0.0017663,0.0017831
1981,0.000170523,0.00177507
1982,0.00119848,0.00177221
1983,-0.0015042,0.00177088
1984,0.00125826,0.00176835
1985,0.000549714,0.00176229
1986,9.51621e-005,0.001754
1987,0.00204494,0.00175546
1988,-0.00182227,0.00175582
1989,0.000385726,0.00174901
1990,-0.00210373,0.00175078
1991,0.0012521,0.00174832
1992,-0.00174606,0.00174831
1993,-0.00114467,0.00174532
1994,-0.0010521,0.00174189
1995,0.000838178,0.0017374
1996,0.00151199,0.00173629
1997,0.00111949,0.00173327
1998,0.00182013,0.00173371
1999,0.00250394,0.00173754
2000,0.00269315,0.0017423
2001,-0.00278299,0.00174748
2002,0.000279475,0.00174018
2003,-0.00110441,0.00173701
2004,0.000621006,0.00173146
2005,0.000161927,0.00172366
2006,-0.00167353,0.00172341
2007,0.00165553,0.00172309
2008,0.00136037,0.00172131
2009,0.0029422,0.00172738
2010,0.000983625,0.00172372
2011,0.000730225,0.00171878
2012,0.00227566,0.00172155
2013,1.93792e-005,0.00171308
2014,0.00109045,0.00171
2015,0.00217792,0.00171233
2016,0.00172128,0.00171239
2017,-0.00111591,0.00170945
2018,0.000526788,0.00170358
2019,-0.00093885,0.00169977
2020,0.00280943,0.00170529
2021,0.000365845,0.00169863
2022,-0.00133089,0.0016968
2023,-0.000283838,0.00168978
2024,-2.79358e-005,0.00168151
2025,0.00185339,0.00168239
2026,0.00113118,0.00167966
2027,-0.00277341,0.00168511
2028,-3.63059e-005,0.0016769
2029,-0.00131218,0.00167509
2030,0.00123517,0.0016729
2031,7.84519e-005,0.00166497
2032,-0.00100733,0.00166171
2033,0.000836794,0.00165762
2034,-0.00083289,0.00165352
2035,0.0009433,0.00165
2036,-0.000723176,0.0016454
2037,-0.00123709,0.0016434
2038,-0.00100167,0.00164022
2039,-0.00178591,0.00164094
2040,-0.00123728,0.00163893
2041,0.00335912,0.00164749
2042,0.00120676,0.00164531
2043,-0.000862163,0.00164143
2044,0.00175283,0.001642
2045,-0.00131235,0.00164038
2046,-0.00251322,0.00164472
2047,-7.49897e-005,0.00163691
2048,0.000778785,0.00163266
2049,0.00113825,0.0016302
2050,0.00168553,0.00163048
2051,0.000647027,0.0016256
2052,0.00227807,0.00162885
2053,-0.000429827,0.00162289
2054,-0.000938598,0.00161949
2055,-0.000468126,0.00161376
2056,-0.000445436,0.00160795
2057,-0.00174189,0.00160862
2058,0.00105121,0.00160586
2059,0.00147196,0.0016052
2060,0.000195137,0.00159818
2061,0.00232553,0.00160181
2062,0.00113003,0.00159946
2063,0.000138655,0.00159219
2064,0.00118934,0.00159019
2065,0.000837559,0.00158647
2066,-0.000794674,0.00158253
2067,0.0020553,0.00158488
2068,-0.000223088,0.00157811
2069,0.00158569,0.00157815
2070,-0.000658195,0.00157359
2071,0.000791076,0.0015697
2072,-0.00236031,0.00157364
2073,-0.00188091,0.00157518
2074,0.00210194,0.0015778
2075,0.000522592,0.00157255
2076,-0.0016876,0.00157313
2077,0.00025364,0.00156657
2078,0.00208864,0.00156917
2079,0.000194356,0.00156233
2080,0.000363817,0.00155638
2081,-0.000895601,0.00155309
2082,0.000902311,0.00154987
2083,-0.000842341,0.00154635
2084,-0.00297899,0.00155348
2085,0.000591919,0.0015487
2086,-0.000300299,0.0015425
2087,-0.00257576,0.00154764
2088,-0.00250041,0.00155239
2089,0.000191501,0.00154562
2090,0.00216838,0.00154872
2091,0.000431882,0.00154316
2092,-3.27484e-005,0.00153565
2093,-0.000893598,0.00153248
2094,8.38672e-006,0.0015249
2095,0.000795301,0.00152131
2096,0.00196111,0.0015235
2097,0.00120388,0.00152191
2098,0.000558866,0.00151712
2099,0.00160982,0.00151759
2100,0.00271416,0.00152354
2101,0.00144634,0.00152316
2102,-0.000313079,0.00151715
2103,-0.00147066,0.00151693
2104,-0.000114673,0.00150996
2105,0.000488296,0.00150488
2106,0.000929513,0.00150203
2107,-0.000792175,0.00149851
2108,-0.00155986,0.00149882
2109,-0.000197734,0.00149235
2110,0.000935338,0.00148961
2111,0.00192976,0.0014918
2112,-0.000809667,0.0014884
2113,0.00170238,0.00148948
2114,0.000746412,0.00148578
2115,0.000155815,0.00147917
2116,-0.0017944,0.00148074
2117,-0.000489238,0.00147582
2118,-0.00209878,0.00147892
2119,0.000470755,0.00147391
2120,-0.00153958,0.00147424
2121,0.000549618,0.00146964
2122,0.00128657,0.00146874
2123,0.00153137,0.00146905
2124,-0.00159351,0.00146968
2125,0.00238298,0.00147422
2126,-0.000712081,0.00147044
2127,-3.44843e-005,0.0014633
2128,0.000617836,0.00145909
2129,-0.000183151,0.00145274
2130,-0.00212089,0.00145607
2131,0.00042004,0.00145092
2132,0.000135144,0.00144438
2133,0.00217473,0.00144801
2134,0.00247818,0.00145314
2135,-0.00246365,0.00145817
2136,-0.000117869,0.0014515
2137,0.00131398,0.00145082
2138,-0.00162884,0.00145172
2139,-0.000949922,0.00144922
2140,0.00106345,0.00144731
2141,0.000354795,0.00144188
2142,0.000249769,0.00143595
2143,-0.00154369,0.00143648
2144,0.000410958,0.00143138
2145,-0.00160321,0.00143224
2146,0.00145427,0.00143236
2147,7.50058e-005,0.00142561
2148,0.00182916,0.00142762
2149,0.00135021,0.00142724
2150,-4.71061e-005,0.00142037
2151,0.00128862,0.00141972
2152,-0.000932502,0.00141731
2153,0.000465945,0.00141257
2154,-0.000465411,0.00140787
2155,-0.000780337,0.00140475
2156,-0.000703937,0.00140128
2157,-0.00117074,0.00140013
2158,0.00204188,0.00140333
2159,-0.00139931,0.00140331
2160,0.00015463,0.00139709
2161,-0.000812232,0.00139418
2162,0.000290701,0.00138869
2163,0.000304331,0.00138331
2164,0.000951911,0.00138118
2165,0.00121919,0.00138039
2166,0.000331685,0.00137519
2167,-0.000810687,0.00137238
2168,0.00113276,0.00137121
2169,0.0016133,0.00137242
2170,-0.00083345,0.00136975
2171,-0.000941705,0.00136764
2172,-0.000585204,0.00136375
2173,0.000991034,0.0013619
2174,-0.00124761,0.00136134
2175,-0.000351321,0.00135633
2176,-0.00081562,0.00135364
2177,0.000103683,0.00134742
2178,0.00193917,0.00135037
2179,0.000856828,0.00134792
2180,-0.000413922,0.00134328
2181,0.000301922,0.00133811
2182,0.000584509,0.00133436
2183,-0.00164556,0.00133591
2184,0.000822974,0.00133338
2185,-0.00024586,0.00132798
2186,2.89767e-005,0.00132152
2187,-0.00182392,0.00132402
2188,0.000336616,0.0013191
2189,-0.00138156,0.00131943
2190,0.00103901,0.00131804
2191,-0.000506575,0.00131401
2192,0.00135108,0.00131421
2193,-0.00101349,0.00131273
2194,0.00124489,0.0013124
2195,-0.00243573,0.00131799
2196,0.00070947,0.00131496
2197,0.00173428,0.00131705
2198,-0.00161333,0.00131854
2199,-0.000403879,0.00131399
2200,-0.00012621,0.00130808
2201,0.00127578,0.00130792
2202,-0.0012882,0.00130783
2203,-0.000747431,0.00130505
2204,-0.000782615,0.00130247
2205,0.00121183,0.00130202
2206,0.000457096,0.00129782
2207,-0.000464769,0.00129368
2208,0.0019686,0.00129704
2209,0.000749566,0.00129432
2210,-0.00079471,0.00129184
2211,0.000638993,0.0012886
2212,0.00121963,0.00128827
2213,-2.06952e-005,0.00128196
2214,0.00195958,0.00128534
2215,0.00131959,0.00128552
2216,0.00247718,0.00129145
2217,0.00155122,0.00129275
2218,-0.000598762,0.00128931
2219,-0.000190372,0.00128385
2220,0.00181432,0.00128649
2221,-0.000418778,0.00128218
2222,-0.000538177,0.00127849
2223,-0.000912717,0.00127668
2224,0.000553355,0.00127309
2225,8.14816e-005,0.00126716
2226,0.00142848,0.00126796
2227,-0.00125094,0.00126789
2228,-0.000365859,0.0012634
2229,0.00213404,0.00126774
2230,-0.000275575,0.00126281
2231,0.000354397,0.0012583
2232,0.00217466,0.00126286
2233,0.000276054,0.00125795
2234,-0.000243214,0.0012529
2235,0.00151454,0.00125421
2236,0.00099477,0.00125292
2237,-0.000122484,0.0012473
2238,0.000522695,0.0012437
2239,-0.000664535,0.00124083
2240,-0.000514242,0.00123722
2241,-0.000702832,0.00123459
2242,0.000454446,0.00123071
2243,0.00134059,0.00123126
2244,0.00207247,0.00123544
2245,0.000764329,0.0012331
2246,-2.10205e-005,0.00122707
2247,-0.00185759,0.00123021
2248,-0.00128833,0.0012305
2249,0.000398216,0.00122636
2250,0.00205042,0.00123046
2251,0.000703731,0.00122784
2252,-0.0016862,0.00123014
2253,0.000648227,0.00122724
2254,-0.000417652,0.00122322
2255,0.000752205,0.00122089
2256,-0.00114826,0.00122053
2257,-0.000299781,0.00121596
2258,-0.00090093,0.00121439
2259,-0.00110851,0.00121387
2260,0.000421699,0.00120993
2261,-0.00141177,0.00121094
2262,-0.00220401,0.00121588
2263,-0.00137635,0.00121668
2264,-0.00018398,0.00121154
2265,0.0011338,0.00121116
2266,-0.00139561,0.00121209
2267,-0.000887056,0.00121048
2268,0.000266953,0.00120579
2269,-0.000475094,0.00120217
2270,0.0005446,0.0011989
2271,0.00113098,0.00119856
2272,0.000993589,0.00119755
2273,-2.08839e-005,0.00119169
2274,0.00228468,0.00119713
2275,-0.00173525,0.00119981
2276,0.000466247,0.00119616
2277,-0.000163699,0.00119103
2278,-0.0015567,0.00119285
2279,-0.000384962,0.00118884
2280,0.000867673,0.00118726
2281,-0.00127104,0.00118768
2282,-0.000523072,0.00118438
2283,3.9939e-005,0.00117869
2284,-9.88082e-005,0.00117332
2285,0.000869644,0.00117181
2286,-0.00141179,0.001173
2287,-0.000751495,0.00117092
2288,0.000377173,0.00116698
2289,-0.00149447,0.00116861
2290,0.00106692,0.0011681
2291,-0.000848456,0.00116652
2292,-3.71885e-005,0.0011609
2293,0.000779261,0.00115901
2294,-0.000616176,0.00115631
2295,-0.00053827,0.00115325
2296,0.00132805,0.00115413
2297,0.00105531,0.00115364
2298,0.000417294,0.00114998
2299,-0.000449798,0.0011465
2300,-0.000484813,0.00114321
2301,0.000848925,0.00114175
2302,0.00119063,0.001142
2303,-0.000313549,0.00113788
2304,0.00175986,0.00114098
2305,-0.000387727,0.00113724
2306,0.00125149,0.00113781
2307,-0.000512535,0.0011347
2308,-0.000338205,0.00113074
2309,6.64183e-006,0.00112515
2310,0.000685256,0.00112297
2311,0.00091324,0.00112192
2312,0.00158123,0.00112421
2313,-0.000629874,0.00112176
2314,-0.00150153,0.00112365
2315,-0.00176262,0.00112683
2316,0.00117737,0.00112709
2317,0.000700412,0.00112498
2318,-0.000810362,0.00112342
2319,0.000316411,0.00111941
2320,7.73706e-005,0.00111423
2321,-0.00104317,0.00111389
2322,-0.000808394,0.00111237
2323,0.000930013,0.00111147
2324,-0.000202142,0.00110695
2325,-0.00027979,0.00110283
2326,-0.000479535,0.00109974
2327,0.00105196,0.00109952
2328,0.00172196,0.00110262
2329,-0.000759871,0.00110091
2330,-0.00164728,0.00110363
2331,-0.000125207,0.00109877
2332,0.00149494,0.00110074
2333,0.00182302,0.00110433
2334,0.000451928,0.00110109
2335,-0.0020203,0.00110567
2336,0.00115731,0.00110593
2337,-0.00089722,0.00110489
2338,-0.00165876,0.00110766
2339,0.00112341,0.00110774
2340,-0.000537863,0.0011049
2341,0.00136957,0.00110622
2342,0.00116635,0.00110653
2343,0.000990726,0.00110595
2344,0.000216707,0.00110153
2345,0.000543343,0.00109877
2346,0.00108456,0.0010987
2347,-0.00162803,0.00110133
2348,0.00197341,0.00110567
2349,0.00119921,0.00110614
2350,0.00159086,0.00110855
2351,-0.000555161,0.0011058
2352,0.00110388,0.00110579
2353,0.000750112,0.00110403
2354,-0.000602862,0.00110154
2355,-0.00149091,0.00110348
2356,-8.67076e-005,0.00109843
2357,-0.00106214,0.00109825
2358,-0.000533445,0.00109545
2359,-0.00104376,0.00109519
2360,0.00113704,0.0010954
2361,0.000409296,0.001092
2362,1.50087e-005,0.00108664
2363,-1.16796e-005,0.00108129
2364,0.000913663,0.00108046
2365,0.00156071,0.00108286
2366,0.000440529,0.00107968
2367,0.000580804,0.00107723
2368,-0.000787405,0.00107579
2369,-0.00129774,0.0010769
2370,0.00104584,0.00107676
2371,0.000759574,0.00107518
2372,0.000535616,0.0010725
2373,0.00130433,0.00107366
2374,0.00163463,0.00107645
2375,-0.00141348,0.00107813
2376,1.43063e-005,0.00107284
2377,0.000632934,0.00107066
2378,0.00132775,0.00107195
2379,0.00118514,0.00107252
2380,-0.000545281,0.00106991
2381,-0.000205478,0.00106561
2382,-0.000163755,0.00106112
2383,0.000866367,0.00106016
2384,-0.000261319,0.00105619
2385,0.000809899,0.00105496
2386,-0.00123804,0.00105588
2387,-6.25233e-005,0.00105093
2388,0.000210123,0.00104675
2389,-0.000407394,0.00104358
2390,0.0011716,0.00104422
2391,-0.000689487,0.00104246
2392,-0.00198535,0.00104715
2393,-0.00114228,0.00104763
2394,-0.000951319,0.00104715
2395,4.74602e-005,0.00104217
2396,0.00141076,0.00104401
2397,0.00146722,0.00104612
2398,0.00156565,0.00104871
2399,0.000795019,0.00104745
2400,0.000473863,0.0010446
2401,0.00119432,0.00104535
2402,-0.000858855,0.00104442
2403,0.000252087,0.00104048
2404,-0.00109025,0.00104073
2405,0.00185947,0.00104481
2406,0.00026454,0.00104093
2407,0.000645717,0.00103896
2408,-0.000435281,0.00103596
2409,-0.000384562,0.00103272
2410,0.0015242,0.00103517
2411,7.2337e-005,0.00103038
2412,1.72447e-005,0.00102534
2413,-0.000325268,0.00102186
2414,0.00142393,0.00102386
2415,-0.0014704,0.00102608
2416,0.000350447,0.00102272
2417,0.000462507,0.00101994
2418,0.000813738,0.00101892
2419,0.000372388,0.00101571
2420,-0.00114518,0.00101635
2421,0.000401875,0.0010133
2422,-0.000107328,0.0010088
2423,0.000662521,0.00100709
2424,-0.000727584,0.00100571
2425,-0.00148416,0.00100809
2426,-0.00150975,0.00101059
2427,-0.00067567,0.00100892
2428,-0.0016957,0.00101234
2429,-0.00122005,0.00101337
2430,-0.00122269,0.00101442
2431,-7.97757e-005,0.00100977
2432,-0.00148891,0.00101216
2433,0.000207287,0.00100815
2434,0.000656177,0.0010064
2435,0.000948553,0.00100612
2436,0.000757311,0.00100488
2437,0.00120006,0.00100586
2438,6.29242e-006,0.00100088
2439,0.00031425,0.000997468
2440,0.00123639,0.000998658
2441,0.000765155,0.000997499
2442,0.000513806,0.000995109
2443,0.000992885,0.0009951
2444,-0.001036,0.000995306
2445,0.000131108,0.000991007
2446,0.000400682,0.00098807
2447,0.000281021,0.000984552
2448,-0.000569071,0.000982485
2449,-0.000954658,0.00098235
2450,-0.000533699,0.000980133
2451,-0.000321761,0.000976858
2452,-5.0148e-005,0.000972249
2453,-0.000836902,0.000971578
2454,0.000255435,0.000968017
2455,-0.00101798,0.000968268
2456,-0.000779256,0.000967328
2457,-0.000411494,0.000964564
2458,0.000514692,0.000962328
2459,-0.000408055,0.000959573
2460,0.000112507,0.000955359
2461,-0.000560754,0.000953398
2462,0.00150447,0.00095614
2463,0.000738664,0.000955058
2464,-9.85223e-005,0.000950797
2465,-0.000816775,0.000950134
2466,-0.000405001,0.000947424
2467,-0.000855594,0.000946972
2468,0.000627985,0.000945386
2469,-0.000214383,0.000941749
2470,-0.00039972,0.000939055
2471,-6.30557e-005,0.000934698
2472,0.000742612,0.000933747
2473,0.000724441,0.000932712
2474,-1.91909e-005,0.000928168
2475,-0.000805666,0.000927565
2476,-9.39141e-005,0.000923418
2477,0.00073886,0.000922511
2478,-0.000199805,0.000918922
2479,-0.000624432,0.00091746
2480,0.0014559,0.000920142
2481,-0.000426785,0.000917701
2482,0.00135928,0.000919898
2483,-0.000954293,0.000920072
2484,-0.00125184,0.000921726
2485,-0.000694958,0.000920601
2486,-0.000436616,0.000918195
2487,-0.000430289,0.00091577
2488,0.000947583,0.00091594
2489,6.18118e-005,0.000911691
2490,-0.00076193,0.000910951
2491,-4.49258e-005,0.000906643
2492,0.000430974,0.000904286
2493,0.00061257,0.000902839
2494,-0.000101062,0.000898851
2495,0.00128449,0.00090077
2496,0.0001439,0.000897006
2497,-0.000720119,0.000896135
2498,-0.000131138,0.000892329
2499,0.000232069,0.000889047
2500,-0.000865789,0.000888932
2501,-0.000840987,0.000888701
2502,-0.000667503,0.000887606
2503,0.00012278,0.000883802
2504,-0.000629614,0.000882543
2505,0.000808515,0.000882175
2506,0.00056415,0.000880611
2507,-0.000524207,0.000878844
2508,0.00168633,0.000882862
2509,4.64258e-005,0.0008787
2510,-0.00102152,0.000879411
2511,-0.00140247,0.000882015
2512,-0.000959696,0.000882403
2513,-0.000445434,0.000880231
2514,-0.000160443,0.000876652
2515,0.000395636,0.000874275
2516,0.000265201,0.00087125
2517,0.000227927,0.00086805
2518,-5.63104e-005,0.000864012
2519,0.0007427,0.000863411
2520,-0.000120497,0.000859715
2521,-0.000807343,0.000859455
2522,4.83365e-005,0.00085542
2523,0.000417806,0.000853244
2524,-0.000694237,0.000852456
2525,0.000860006,0.000852501
2526,0.000463469,0.000850573
2527,0.000619293,0.000849425
2528,-0.000632747,0.000848347
2529,-0.000378052,0.000846008
2530,0.000462892,0.00084412
2531,-0.000227123,0.000841056
2532,-0.000844278,0.000841076
2533,-0.000648548,0.000840118
2534,0.000395337,0.000837905
2535,-0.000541306,0.000836443
2536,0.000780716,0.000836173
2537,0.000133425,0.000832677
2538,0.00122027,0.000834606
2539,-0.000332665,0.000832109
2540,-0.000316795,0.000829554
2541,-0.00108881,0.000830843
2542,-0.000466255,0.000829031
2543,-0.000284971,0.000826327
2544,0.000606138,0.000825234
2545,0.000344101,0.000822841
2546,0.00118709,0.000824658
2547,-0.000211078,0.000821605
2548,-0.000150038,0.000818266
2549,0.000753322,0.000817952
2550,0.000222282,0.000814988
2551,0.000394358,0.000812911
2552,-0.00152348,0.000816448
2553,-0.000513486,0.000814943
2554,0.00052141,0.000813493
2555,0.000591789,0.000812405
2556,0.000801857,0.00081236
2557,0.00136903,0.000815131
2558,0.000320768,0.000812684
2559,0.00083109,0.000812776
2560,-0.00028547,0.000810158
2561,-1.21691e-005,0.000806189
2562,7.34664e-005,0.000802544
2563,0.000589824,0.000801487
2564,0.000742118,0.000801198
2565,0.000529691,0.000799851
2566,-0.00115718,0.000801629
2567,0.000573824,0.000800496
2568,-0.000568091,0.000799354
2569,-0.001203,0.000801362
2570,0.000113395,0.000797939
2571,-0.00157108,0.000801786
2572,0.000105298,0.000798321
2573,-0.000270428,0.000795696
2574,0.000456878,0.000794018
2575,0.000362936,0.000791878
2576,0.000264683,0.000789255
2577,0.000997649,0.000790293
2578,0.000372449,0.000788215
2579,-0.00101917,0.000789366
2580,0.000549509,0.000788182
2581,-0.000454631,0.000786522
2582,-1.42258e-005,0.00078268
2583,-0.000319598,0.000780379
2584,-0.000703992,0.000780002
2585,-0.000871321,0.000780461
2586,-0.0014749,0.000783916
2587,-0.00066455,0.000783325
2588,0.000762149,0.000783223
2589,-0.000103051,0.00077984
2590,0.000937891,0.000780627
2591,0.000650528,0.000779987
2592,0.000277366,0.000777491
2593,0.000352065,0.000775375
2594,0.000105587,0.000772044
2595,-3.84204e-005,0.000768394
2596,0.000166845,0.000765403
2597,-0.000476467,0.00076397
2598,-7.09591e-005,0.000760523
2599,8.77359e-005,0.000757177
2600,-0.000688511,0.000756844
2601,0.000134587,0.00075375
2602,-9.9104e-005,0.000750495
2603,0.00126691,0.000753065
2604,0.000373063,0.000751178
2605,-0.00130868,0.000753954
2606,0.000436736,0.000752376
2607,-0.000942805,0.000753327
2608,-0.000875897,0.000753942
2609,0.000258747,0.000751479
2610,0.000906567,0.000752256
2611,-0.000300561,0.000750021
2612,-0.00133963,0.000752954
2613,0.000495659,0.000751691
2614,-5.27587e-005,0.000748214
2615,-0.000474843,0.000746858
2616,-0.000491146,0.000745602
2617,-0.000185671,0.000742822
2618,-0.000263214,0.000740443
2619,0.000138367,0.00073745
2620,0.000514856,0.000736343
2621,0.000297911,0.000734167
2622,0.000424741,0.000732634
2623,0.000771124,0.000732827
2624,0.000888417,0.000733606
2625,0.000575471,0.00073282
2626,0.000531381,0.000731836
2627,-0.000475056,0.000730581
2628,-0.0011061,0.000732449
2629,0.000500277,0.000731307
2630,-4.938e-005,0.000727915
2631,-6.36848e-005,0.00072461
2632,0.00035491,0.000722776
2633,0.000314639,0.000720758
2634,-0.000253786,0.000718435
2635,-0.000199317,0.000715859
2636,0.000380133,0.000714194
2637,3.39419e-005,0.00071081
2638,0.000556653,0.000710045
2639,0.000150006,0.000707261
2640,-0.000424079,0.000705854
2641,8.61802e-005,0.000702771
2642,0.000811398,0.000703317
2643,0.000483313,0.000702225
2644,0.000622038,0.000701834
2645,0.000618358,0.00070142
2646,-0.00078591,0.00070184
2647,0.00105489,0.000703597
2648,-7.1144e-005,0.000700451
2649,-0.00105176,0.000702206
2650,-6.72367e-005,0.000699048
2651,0.000820871,0.000699656
2652,-0.000581769,0.00069907
2653,-7.04913e-006,0.000695627
2654,-0.00122723,0.000698276
2655,-0.000421908,0.000696904
2656,0.000480002,0.000695825
2657,0.000215496,0.000693435
2658,-0.000746637,0.0006937
2659,-0.00110611,0.000695753
2660,-0.000119342,0.000692886
2661,0.000621731,0.000692534
2662,0.000583628,0.000692
2663,-3.48958e-005,0.000688732
2664,-0.00105441,0.000690554
2665,9.99883e-005,0.000687616
2666,-0.000526427,0.000686814
2667,-0.000542223,0.000686101
2668,-0.00122568,0.000688785
2669,0.000480403,0.000687749
2670,4.85736e-005,0.000684569
2671,0.000592426,0.000684123
2672,-0.000843764,0.000684917
2673,-0.000564409,0.000684318
2674,0.000537443,0.000683602
2675,-0.00124855,0.000686415
2676,-0.000829894,0.000687135
2677,4.67016e-005,0.000683949
2678,-0.0010435,0.000685739
2679,4.01604e-005,0.000682528
2680,0.000792801,0.000683078
2681,6.72039e-005,0.000680016
2682,-0.000197668,0.000677618
2683,-0.000197686,0.000675232
2684,-0.000694633,0.000675333
2685,0.00046809,0.000674304
2686,-8.50285e-005,0.000671375
2687,0.000834806,0.000672188
2688,-0.000138604,0.000669538
2689,-0.00110578,0.000671709
2690,0.000506558,0.000670895
2691,4.28408e-005,0.000667772
2692,-0.000270154,0.000665797
